text,label,notes
I can't believe Rhaenyra did that.,Reaction,
That dragon battle was incredible,Reaction,
Alicent's behavior reflects years of pressure from Otto,Analysis,
The writers foreshadowed this conflict several episodes earlier.,Analysis,
I think Daemon will betray Rhaenyra next season,Theory,
The show may merge multiple book storylines.,Theory,
Alicent is the most interesting character in the series.,Opinion,
Season 2 is weaker than Season 1.,Opinion,
Aegon was always Aemond’s bully not Luke or any of Rhaenyra’s kids,Opinion,
"S1 to me feels way more raw, close contact, and high tension than S2, especially because of the vulnerability, unpredictability, and pain of being children that are constantly at each others throats in the rawest form possible without any “diplomacy” and “politicking” as they are still incapable of doing so",Analysis,
"Finally binged the show after putting it off since only watching the first episode debut years ago - Wow, just wow. Amazing. Glad I put it off though, I’d be pissed to wait this long for it to progress to this stage.",Analysis,
ryan condal and his team is that they inherently force women into a box when they claim they are doing the opposite. ,Analysis,
I liked how Alys challenged Damon,Analysis,
2 years for 8-10 episodes is bad,Opinion,
Anyone else think that Rhaenys (and Daemon) was the last real Targaryen?,Opinion,
Take away the dragon and Daemon is just a 35 year old unemployed guy starting fights outside pubs.,Opinion,
Hotd fans can't handle fans calling out their favorite characters,Opinion,
I am very interested to see how they are going to show rahenrya getting cut by the iron throne. From what we have seen in the first two seasons it's definitely not going to be her getting cut bcz she is not fit to rule.,Theory,
Rhaenyra may lose support from several allies after this episode.,Theory,
I think Alicent will regret her decision later in the story.,Theory,
I suspect Aegon will become more dependent on his advisors.,Theory,
I think several important characters will die early next season.,Theory,
hate criston cole so much i forgot he was hot,Opinion,
I no longer root for any side but find myself feeling a bit for Gwayne Hightower?,Opinion,
Is it bad that my favourite character is Aemond?,Opinion,
The wait for the next House of the Dragon episode is bringing back every feeling I had during peak Game of Thrones and I am not ready,Opinion,
Is anyone else optimistic about the good reviews or just me?,Opinion,
I love that the HOTD community is goin thru its own Dance rn,Analysis,
Was Mysaria a big plot character in the books/original story?,Analysis,
Love this back and forth between brothers,Analysis,
today I learned omg season 3 starts June 21....ooooh my lawd I can't wait!!!,Analysis,
I’m on like three different House of the Dragon reddits just enjoying people being angry.,Analysis,
I believe the Greens will gain an advantage before the season finale.,Theory,
The next episode will probably reveal who is truly loyal to Rhaenyra.,Theory,
I think the series will end differently than the books.,Theory,
The writers may be intentionally misleading viewers before a major twist.,Theory,
Daemon is overrated by the fanbase.,Opinion,
Rhaenyra is a more compelling protagonist than Alicent.,Opinion,
The pacing of season 2 feels too slow.,Opinion,
I enjoy the political scenes more than the battle scenes.,Opinion,
“A second son who stands to inherit nothing he doesn’t seize for himself” that’s rich coming from you Daemon,Analysis,
the details of how Jace and Luke are grappling with their own parentage reality while trying to protect their honor against their lifeless cousins,Analysis,
They'll still get you with the wait for season 4. At least it's only one two year wait for you.,Analysis,
t’s so ironic to me that by shoving Rhaenyra and Alicent in our faces more than they should be (especially Alicent) they’ve somehow made it so that they are the two with the least agency.,Analysis,
The casting for young Rhaenyra was perfect.,Opinion,
The show focuses too much on family drama.,Opinion,
Alicent deserves more sympathy from viewers.,Opinion,
The costumes this season look much better,Opinion,
I believe Daemon's ambitions will eventually create problems for his family.,Theory,
Aegon may become a stronger ruler than people expect.,Theory,
I think Alicent and Rhaenyra will have one final attempt at reconciliation.,Theory,
The show will likely expand on events that were only briefly mentioned in the books.,Theory,
"the show is so biased, not showing criston cole crippling harwin strong is so criminal!!",Opinion,
"If I were Gwayne, I would’ve stayed home. Or even just in the capital. It’s a mess over there. Couldn’t possibly ride out in good conscience.",Opinion,
Aemon is the most interesting character in the show since he was introduced as a child to me,Opinion,
"I stopped believing in good reviews thanks to Marvel, Emilia Perez, and Rings of Power.",Opinion,
Not really Mysaria also a terrible person not some humanitarian,Opinion,
I think Daemon having a vision quest-based identity crisis at Harrenhall was a great part of season two.,Analysis,
unfortunately there has also been loads of strikes which have caused things to be even more delayed,Analysis,
"You could maybe say they're the last real valyrians, but not the last Targaryens",Analysis,
Kind the whole point of the dance,Analysis,
The throne cuts you because it's a metal chair made out of sharp pointy swords,Theory,
Daemon might sacrifice himself before the series ends.,Theory,
Rhaenyra and Daemon will likely have a serious conflict next season.,Theory,
The next season will probably focus more on dragon warfare.,Theory,
"Aegon is pretty emotionally unintelligent, he just does things and doesn’t get why people are upset.",Opinion,
Nearly all the characters from the show are supposed to be evil and the show is between two selfish and entitled factions of the family going to war over a crown while everyone in the realm suffers because of this.,Opinion,
Criston Cole is one of the most frustrating characters in the series.,Opinion,
The show handles political conflict better than action scenes,Opinion,
I think the Greens have a more interesting storyline overall,Opinion,
Rhaenyra's decisions often balance political necessity against personal loyalty.,Analysis,
Aemond's rivalry with his relatives influences many of his choices.,Analysis,
The writers carefully build tension through conversations long before major events occur.,Analysis,
Otto's strategic thinking allows him to maintain influence even when he lacks formal authority.,Analysis,
Alicent's relationship with Rhaenyra becomes increasingly shaped by political realities.,Analysis,
Aemond could become the primary antagonist of the series.,Theory,
This storyline is likely leading toward a political crisis.,Theory,
Daemon may secretly have ambitions beyond supporting Rhaenyra.,Theory,
I suspect the younger generation will drive the next major conflict.,Theory,
Daemon's ambition will probably create problems for his family.,Theory,
Rhaenyra's character became less engaging this season,Opinion,
The dragon designs are one of the best parts of the show,Opinion,
Alicent receives more criticism than she deserves.,Opinion,
The time jumps were handled surprisingly well.,Opinion,
Daemon's popularity among fans is difficult to understand.,Opinion,
Rhaena may play a much larger role in future seasons.,Theory,
The show is likely building toward a major dragon-versus-dragon battle.,Theory,
Aemond will probably challenge more authority figures moving forward,Theory,
The Blacks may suffer a major setback soon.,Theory,
I think an important alliance will fall apart before the war ends.,Theory,
Daemon may become increasingly isolated from his allies.,Theory,
Alicent's character arc illustrates the conflict between duty and personal desire.,Analysis,
Daemon's relationship with power is central to understanding his actions.,Analysis,
The series repeatedly shows how unresolved tensions lead to larger conflicts,Analysis,
Aegon's behavior reflects the consequences of growing up without clear expectations.,Analysis,
The show uses dragons as symbols of both strength and vulnerability.,Analysis,
The show is at its best when it focuses on character relationships.,Opinion,
Aemond has the most memorable scenes in the series.,Opinion,
Some episodes spend too much time setting up future events.,Opinion,
I think the dragons will become harder to control as the war continues., Theory,
Aegon's leadership may improve after future losses.,Theory,
I believe a surprise betrayal is coming later in the season,Theory,
The next season will likely spend more time on military strategy.,Theory,
Alicent may lose influence over her children.,Theory,
Aemond's confidence often masks deeper emotional insecurities.,Analysis,
The show contrasts traditional expectations with changing views on leadership.,Analysis,
Otto's influence extends beyond politics because he shapes how Alicent views power.,Analysis,
Many conflicts in the series originate from misunderstandings rather than deliberate hostility.,Analysis,
Viserys' desire for peace often prevents him from making necessary decisions.,Analysis,
The writers use family dynamics to explain larger political events.,Analysis,
House of the Dragon feels more focused than Game of Thrones,Opinion,
The family conflicts are more compelling than the battles.,Opinion,
Viserys is one of the most sympathetic characters in the show.,Opinion,
The writers have done a great job adapting the source material.,Opinion,
House of the Dragon has some of the strongest character writing on television right now.,Opinion,
The writers could alter the timeline to speed up future events,Theory,
Aemond will probably become even more dangerous after his recent victories.,Theory,
The conflict between the factions is likely to escalate rapidly,Theory,
Daemon may eventually prioritize power over family loyalty.,Theory,
The performances carry several weaker episodes.,Opinion,
The series deserves all the praise it receives.,Opinion,
The fanbase often overlooks important characters.,Opinion,
This was the most enjoyable episode of the season.,Opinion,
The relationship between Alicent and Rhaenyra is the most compelling part of the series.,Opinion,
The writers portray succession disputes as both personal and political conflicts.,Analysis,
Daemon frequently acts before considering the consequences of his choices.,Analysis,
The series demonstrates how fear influences decision-making among rulers.,Analysis,
Rhaenyra's supporters remain loyal largely because of personal relationships rather than political ideology.,Analysis,
The series may add original scenes not found in the books.,Theory,
Rhaenyra could make a decision that divides her supporters.,Theory,
The next season will probably be darker than previous ones.,Theory,
The writers may be setting up a tragic ending for Alicent.,Theory,
The adaptation captures the spirit of the books.,Opinion,
The show would benefit from longer episodes.,Opinion,
The character relationships are the strongest part of the series.,Opinion,
House of the Dragon is more consistent than Game of Thrones was in its later seasons.,Opinion,
The dragon scenes emphasize the destructive consequences of unchecked ambition.,Analysis,
Rhaenyra's claim to the throne challenges established traditions within Westeros.,Analysis,
Aegon's lack of preparation makes him vulnerable to manipulation by advisors.,Analysis,
The show highlights how power struggles damage family relationships.,Analysis,
Alicent's loyalty to her children drives many of her political decisions,Analysis,
Aegon might become more ruthless as the conflict progresses,Theory,
I suspect one of the major houses will switch sides.,Theory,
The show will likely explore more of Westeros in future seasons.,Theory,
Daemon and Aemond may eventually face each other in a decisive confrontation,Theory,
I suspect Alicent will eventually question her father's influence.,Theory,
Viserys' favoritism toward Rhaenyra created tension among his children.,Analysis,
The writers foreshadow major conflicts through family arguments and court discussions.,Analysis,
Alicent often prioritizes stability even when it conflicts with her personal relationships.,Analysis,
Daemon's impulsiveness repeatedly undermines his long-term goals.,Analysis,
The show relies too heavily on spectacle.,Opinion,
The season started slowly but became much stronger.,Opinion,
The writers handled Viserys' character extremely well.,Opinion,
Aegon is more interesting than Aemond.,Opinion,
I suspect Daemon is hiding information that will become important later.,Theory,
Alicent may find herself caught between loyalty and responsibility.,Theory,
The war may ultimately destroy both sides regardless of who wins.,Theory,
Alicent might eventually realize the cost of her decisions.,Theory,
The series frequently shows how personal grudges escalate into political conflicts.,Analysis,
Aemond's actions are shaped by years of resentment and insecurity.,Analysis,
Otto consistently manipulates situations to increase his family's political influence,Analysis,
The conflict between the Greens and Blacks stems from competing interpretations of duty and inheritance.,Analysis,
The dialogue is one of the show's greatest strengths.,Opinion,
The dragons are not used enough.,Opinion,
Fans are often too harsh on Alicent.,Opinion,
The series does a great job portraying moral ambiguity.,Opinion,
The Greens might gain temporary control before losing it again.,Theory,
Daemon will probably take greater risks as the conflict escalates.,Theory,
I think an unexpected character will emerge as a leader before the series ends.,Theory,
The writers may be setting up a conflict that will permanently divide the Targaryen family.,Theory,
Rhaenyra will probably become more ruthless as the war drags on.,Theory,
Rhaenyra's leadership style differs from Alicent's because she prioritizes loyalty over tradition.,Analysis,
Daemon's behavior reflects his desire for recognition and legitimacy.,Analysis,
The writers use dragon symbolism to reinforce themes of power and control.,Analysis,
Daemon's behavior reflects his desire for recognition and legitimacy.,Analysis,
 Aemond has the strongest screen presence.,Opinion,
The writing quality improved throughout the season.,Opinion,
The younger cast delivered stronger performances.,Opinion,
The political intrigue is more enjoyable than the action sequences.,Opinion,
I believe the next season will focus heavily on the consequences of past decisions.,Theory,
Aemond could make a decision that unintentionally weakens his own faction.,Theory,
The show may give a larger role to characters who had limited importance in the books.,Theory,
I think one of the dragons will refuse to obey its rider during a crucial battle.,Theory,
Viserys' attempts to keep the family united ultimately fail because deeper issues remain unresolved.,Analysis,
Daemon's actions often reveal a conflict between loyalty and ambition,Analysis,
The writers use multiple perspectives to highlight the complexity of political disputes.,Analysis,
Aegon's insecurities contribute to his dependence on stronger personalities around him.,Analysis,
The show should spend more time developing supporting characters.,Opinion,
This adaptation improves several parts of the source material.,Opinion,
Rhaenys is one of the most underrated characters.,Opinion,
The writers focus too much on certain side characters.,Opinion,
The dragon scenes are the highlight of every episode.,Opinion,
Rhaenyra will probably become more ruthless as the war drags on.,Theory,
I suspect the next major conflict will start because of a misunderstanding rather than a direct attack.,Theory,
The writers may reveal a hidden connection between two characters later in the series.,Theory,
I think Corlys will eventually lose faith in one of his closest allies.,Theory,
Rhaenyra's challenges stem not only from politics but also from societal expectations.,Analysis,
Alicent frequently acts out of concern for her family's survival.,Analysis,
The show portrays leadership as a burden rather than a privilege.,Analysis,
That ending completely shocked me.,Reaction,
I was speechless after that scene.,Reaction,
What an incredible episode.,Reaction,
That dragon battle was amazing.,Reaction,
I am still thinking about that ending.,Reaction,
My jaw dropped during that scene.,Reaction,
That was absolutely heartbreaking.,Reaction,
I did not expect that at all.,Reaction,
This episode had me on the edge of my seat.,Reaction,
I can't stop laughing at that scene.,Reaction,
That moment was unforgettable.,Reaction,
I was so nervous watching that sequence.,Reaction,
What a brutal episode.,Reaction,
I loved every minute of it.,Reaction,
That scene made me emotional.,Reaction,
I was completely surprised by that twist.,Reaction,
That was one of the craziest things I have seen.,Reaction,
I felt terrible for that character.,Reaction,
This episode exceeded my expectations.,Reaction,
I was cheering during that entire scene.,Reaction,
What a powerful ending.,Reaction,
That moment gave me chills.,Reaction,
I was genuinely shocked by the outcome.,Reaction,
This episode was an emotional roller coaster.,Reaction,
I couldn't look away during that scene.,Reaction,
That reveal caught me completely off guard.,Reaction,
I felt so bad watching that happen.,Reaction,
That was intense from beginning to end.,Reaction,
I was not prepared for that ending.,Reaction,
What an incredible performance.,Reaction,
That scene broke my heart.,Reaction,
I was smiling through that entire sequence.,Reaction,
That was one of the most emotional moments of the series.,Reaction,
I couldn't believe my eyes.,Reaction,
What a wild episode.,Reaction,
That was absolutely devastating.,Reaction,
I was completely invested in that scene.,Reaction,
That ending left me stunned.,Reaction,
I got emotional watching that moment.,Reaction,
I was screaming at my screen during that scene.,Reaction,
What a fantastic episode.,Reaction,
That sequence was breathtaking.,Reaction,
I never saw that coming.,Reaction,
That moment hit me hard.,Reaction,
 I was completely shocked by that decision.,Reaction,
That was such a satisfying scene.,Reaction,
I cannot wait to see what happens next.,Reaction,
That episode was a roller coaster of emotions.,Reaction,
I was completely stunned when that happened.,Reaction,
That final scene left me in absolute disbelief.,Reaction,